Invoice,StockCode,Description,Quantity,InvoiceDate,Price,Customer ID,Country
C489563,90085,CRYSTAL STILETTO PHONE CHARM,81,2009-12-01 13:09:00,0.85,13526,United Kingdom
C489713,21094,SET/6 RED SPOTTY PAPER PLATES,150,2009-12-02 10:55:00,0.64,12755,Japan
C490133,72045D,ROSES ON BLUE TEACUP CANDLE ,504,2009-12-03 18:36:00,1.69,17949,United Kingdom
C490133,20971,PINK BLUE FELT CRAFT TRINKET BOX,600,2009-12-03 18:36:00,1.06,17949,United Kingdom
C490133,21314,SMALL GLASS HEART TRINKET POT,504,2009-12-03 18:36:00,1.85,17949,United Kingdom
C490807,51014L,"FEATHER PEN,LIGHT PINK",60,2009-12-08 12:25:00,0.85,13091,United Kingdom
C490807,85175,CACTI T-LIGHT CANDLES,96,2009-12-08 12:25:00,0.42,13091,United Kingdom
C490807,51014A,"FEATHER PEN,HOT PINK",60,2009-12-08 12:25:00,0.85,13091,United Kingdom
C490807,16033,MINI HIGHLIGHTER PENS,120,2009-12-08 12:25:00,0.12,13091,United Kingdom
C490807,10138,ASSORTED COLOUR JUMBO PEN,96,2009-12-08 12:25:00,0.42,13091,United Kingdom
C490807,84077,WORLD WAR 2 GLIDERS ASSTD DESIGNS,96,2009-12-08 12:25:00,0.21,13091,United Kingdom
C490807,51014C,"FEATHER PEN,COAL BLACK",60,2009-12-08 12:25:00,0.85,13091,United Kingdom
C490942,84270,ASSTD DESIGN BUBBLE GUM RING,60,2009-12-08 14:04:00,0.21,14337,United Kingdom
C490946,51014L,"FEATHER PEN,LIGHT PINK",60,2009-12-08 14:28:00,0.85,13091,United Kingdom
C490946,85175,CACTI T-LIGHT CANDLES,96,2009-12-08 14:28:00,0.42,13091,United Kingdom
C490946,51014A,"FEATHER PEN,HOT PINK",60,2009-12-08 14:28:00,0.85,13091,United Kingdom
C490946,16033,MINI HIGHLIGHTER PENS,120,2009-12-08 14:28:00,0.12,13091,United Kingdom
C490946,10138,ASSORTED COLOUR JUMBO PEN,96,2009-12-08 14:28:00,0.42,13091,United Kingdom
C490946,84077,WORLD WAR 2 GLIDERS ASSTD DESIGNS,96,2009-12-08 14:28:00,0.21,13091,United Kingdom
C490946,51014C,"FEATHER PEN,COAL BLACK",60,2009-12-08 14:28:00,0.85,13091,United Kingdom
C491023,85174,S/4 CACTI CANDLES,64,2009-12-08 18:57:00,4.25,15971,United Kingdom
C491023,21112,"SWISS ROLL TOWEL, PINK  SPOTS",168,2009-12-08 18:57:00,2.55,15971,United Kingdom
C491593,20879,TREE OF NOAH FESTIVE SCENTED CANDLE,96,2009-12-11 13:11:00,2.1,17681,United Kingdom
C492211,85174,S/4 CACTI CANDLES,64,2009-12-15 16:45:00,4.25,15971,United Kingdom
C492402,22047,EMPIRE GIFT WRAP,200,2009-12-16 15:39:00,0.34,12359,Cyprus
C492739,20717,STRAWBERRY SHOPPER BAG,100,2009-12-18 12:24:00,1.06,14607,United Kingdom
C493065,79000,MOROCCAN TEA GLASS,144,2009-12-21 16:49:00,0.65,14293,United Kingdom
C493168,21904,HOUSE WRECKING METAL SIGN ,96,2009-12-22 11:50:00,1.85,14258,United Kingdom
C494453,20984,12 PENCILS TALL TUBE POSY,190,2010-01-14 13:55:00,0.19,15222,United Kingdom
C494629,84212,"ASSORTED FLOWER COLOUR ""LEIS""",72,2010-01-15 16:48:00,0.65,13983,United Kingdom
C494907,20772,GARDEN PATH JOURNAL,144,2010-01-19 16:36:00,2.1,17307,United Kingdom
C494973,20715,LITTLE FLOWER SHOPPER BAG,400,2010-01-20 11:06:00,1.06,14156,Ireland
C495012,75049L,LARGE CIRCULAR MIRROR MOBILE,96,2010-01-20 13:03:00,0.85,15311,United Kingdom
C495012,84997C,BLUE 3 PIECE MINI DOTS CUTLERY SET,72,2010-01-20 13:03:00,3.39,15311,United Kingdom
C495012,84826,ASSTD DESIGN 3D PAPER STICKERS,60,2010-01-20 13:03:00,0.85,15311,United Kingdom
C497041,20971,PINK BLUE FELT CRAFT TRINKET BOX,300,2010-02-05 14:41:00,1.06,17949,United Kingdom
C498151,85220,SMALL FAIRY CAKE FRIDGE MAGNETS,2504,2010-02-17 10:37:00,1.45,13902,Denmark
C498506,16156S,WRAP PINK FAIRY CAKES ,96,2010-02-19 11:35:00,0.42,17949,United Kingdom
C498556,21648,ASSORTED TUTTI FRUTTI SMALL PURSE,120,2010-02-21 11:16:00,1.06,14878,United Kingdom
C498557,21648,ASSORTED TUTTI FRUTTI SMALL PURSE,120,2010-02-21 11:18:00,1.06,14878,United Kingdom
C498595,85014C,BLUE/BROWN DOTS RUFFLED UMBRELLA,192,2010-02-21 15:51:00,3.0,18102,United Kingdom
C498595,15056P,EDWARDIAN PARASOL PINK,240,2010-02-21 15:51:00,3.0,18102,United Kingdom
C499282,21166,COOK WITH WINE METAL SIGN ,432,2010-02-25 18:55:00,1.69,16684,United Kingdom
C499389,22356,"CHARLOTTE BAG , PINK/WHITE SPOTS",300,2010-02-26 12:44:00,0.72,14646,Netherlands
C499389,20725,LUNCH BAG RED SPOTTY,100,2010-02-26 12:44:00,1.45,14646,Netherlands
C499531,21558,SKULL LUNCHBOX WITH CUTLERY ,100,2010-03-01 11:29:00,2.1,14646,Netherlands
C499774,85221,ASSORTED COLOUR SILK COIN PURSE,108,2010-03-02 13:48:00,1.25,17011,United Kingdom
C499917,17013C,ORIGAMI LAVENDER INCENSE IN TUBE,96,2010-03-03 12:16:00,0.42,14298,United Kingdom
C500003,21099,SET/6 STRAWBERRY PAPER CUPS,96,2010-03-04 09:42:00,0.65,16422,United Kingdom
C500308,16235,RECYCLED PENCIL WITH RABBIT ERASER,60,2010-03-07 11:05:00,0.21,15279,United Kingdom
C500705,16216,LETTER SHAPE PENCIL SHARPENER,80,2010-03-09 13:46:00,0.16,14748,United Kingdom
C500841,84978,HANGING HEART JAR T-LIGHT HOLDER,72,2010-03-10 12:11:00,1.06,13413,United Kingdom
C500865,21212,PACK OF 72 RETRO SPOT CAKE CASES,72,2010-03-10 13:00:00,0.55,14680,United Kingdom
C501131,21935,SUKI  SHOULDER BAG,100,2010-03-12 17:04:00,1.45,14031,United Kingdom
C502305,75049L,LARGE CIRCULAR MIRROR MOBILE,74,2010-03-24 09:34:00,0.85,14195,United Kingdom
C502460,84691,PACK 20 DOLLY PEGS,80,2010-03-24 14:29:00,0.68,14156,Ireland
C503527,10002,INFLATABLE POLITICAL GLOBE ,200,2010-04-01 13:13:00,0.72,16019,United Kingdom
C503610,20971,PINK BLUE FELT CRAFT TRINKET BOX,300,2010-04-06 10:36:00,1.06,17949,United Kingdom
C503857,22114,HOT WATER BOTTLE TEA AND SYMPATHY,72,2010-04-08 10:29:00,3.45,12989,United Kingdom
C504350,20979,36 PENCILS TUBE RED SPOTTY,128,2010-04-13 09:52:00,1.06,14156,Ireland
C504415,84270,ASSTD DESIGN BUBBLE GUM RING,1440,2010-04-13 12:33:00,0.16,12971,United Kingdom
C504534,22585,PACK OF 6 BIRDY GIFT TAGS,144,2010-04-14 11:54:00,1.06,15061,United Kingdom
C504840,85017C,ENVELOPE 50 CURIOUS IMAGES,288,2010-04-16 15:30:00,0.42,13694,United Kingdom
C504841,20840,FRENCH FLORAL CUSHION COVER ,204,2010-04-16 15:55:00,1.7,13694,United Kingdom
C504841,84601A,NEW BAROQUE IVORY CUSHION COVER ,150,2010-04-16 15:55:00,1.25,13694,United Kingdom
C504841,84919,BLUE CUSHION COVER WITH FLOWER,160,2010-04-16 15:55:00,4.0,13694,United Kingdom
C504843,22197,SMALL POPCORN HOLDER,200,2010-04-16 15:58:00,0.72,17949,United Kingdom
C507015,21614,SET OF 12 ROSE BOTANICAL T-LIGHTS,120,2010-05-05 14:28:00,2.55,15097,United Kingdom
C507171,47566B,TEA TIME PARTY BUNTING,60,2010-05-06 14:46:00,3.75,13798,United Kingdom
C507195,84466,TOP SECRET PEN SET,309,2010-05-06 16:21:00,0.95,16656,United Kingdom
C507198,21212,PACK OF 72 RETRO SPOT CAKE CASES,120,2010-05-06 16:27:00,0.42,13881,United Kingdom
C508132,10002,INFLATABLE POLITICAL GLOBE ,400,2010-05-13 10:54:00,0.72,12931,United Kingdom
C508132,20829,GLITTER HANGING BUTTERFLY STRING,200,2010-05-13 10:54:00,2.1,12931,United Kingdom
C508132,11001,ASSTD DESIGN RACING CAR PEN,240,2010-05-13 10:54:00,1.27,12931,United Kingdom
C508132,22139,RETRO SPOT TEA SET CERAMIC 11 PC ,144,2010-05-13 10:54:00,4.25,12931,United Kingdom
C508132,20972,PINK CREAM FELT CRAFT TRINKET BOX ,500,2010-05-13 10:54:00,1.06,12931,United Kingdom
C508132,22150,3 STRIPEY MICE FELTCRAFT,300,2010-05-13 10:54:00,1.65,12931,United Kingdom
C508132,21481,FAWN BLUE HOT WATER BOTTLE,280,2010-05-13 10:54:00,2.55,12931,United Kingdom
C508132,21915,RED  HARMONICA IN BOX ,300,2010-05-13 10:54:00,1.06,12931,United Kingdom
C508132,21731,RED TOADSTOOL LED NIGHT LIGHT,300,2010-05-13 10:54:00,1.45,12931,United Kingdom
C508132,20975,12 PENCILS SMALL TUBE RED SPOTTY,500,2010-05-13 10:54:00,0.55,12931,United Kingdom
C508132,21791,VINTAGE HEADS AND TAILS CARD GAME ,400,2010-05-13 10:54:00,1.06,12931,United Kingdom
C508134,10002,INFLATABLE POLITICAL GLOBE ,400,2010-05-13 10:56:00,0.72,12931,United Kingdom
C508134,20829,GLITTER HANGING BUTTERFLY STRING,200,2010-05-13 10:56:00,2.1,12931,United Kingdom
C508134,11001,ASSTD DESIGN RACING CAR PEN,240,2010-05-13 10:56:00,1.27,12931,United Kingdom
C508134,22139,RETRO SPOT TEA SET CERAMIC 11 PC ,140,2010-05-13 10:56:00,4.25,12931,United Kingdom
C508134,20972,PINK CREAM FELT CRAFT TRINKET BOX ,500,2010-05-13 10:56:00,1.06,12931,United Kingdom
C508134,22150,3 STRIPEY MICE FELTCRAFT,300,2010-05-13 10:56:00,1.65,12931,United Kingdom
C508134,21481,FAWN BLUE HOT WATER BOTTLE,280,2010-05-13 10:56:00,2.55,12931,United Kingdom
C508134,21915,RED  HARMONICA IN BOX ,300,2010-05-13 10:56:00,1.06,12931,United Kingdom
C508134,21731,RED TOADSTOOL LED NIGHT LIGHT,300,2010-05-13 10:56:00,1.45,12931,United Kingdom
C508134,20975,12 PENCILS SMALL TUBE RED SPOTTY,500,2010-05-13 10:56:00,0.55,12931,United Kingdom
C508134,21791,VINTAGE HEADS AND TAILS CARD GAME ,400,2010-05-13 10:56:00,1.06,12931,United Kingdom
C508140,10002,INFLATABLE POLITICAL GLOBE ,200,2010-05-13 10:58:00,0.72,12931,United Kingdom
C508140,20829,GLITTER HANGING BUTTERFLY STRING,100,2010-05-13 10:58:00,2.1,12931,United Kingdom
C508140,11001,ASSTD DESIGN RACING CAR PEN,128,2010-05-13 10:58:00,1.69,12931,United Kingdom
C508140,22139,RETRO SPOT TEA SET CERAMIC 11 PC ,72,2010-05-13 10:58:00,4.25,12931,United Kingdom
C508140,20972,PINK CREAM FELT CRAFT TRINKET BOX ,250,2010-05-13 10:58:00,1.06,12931,United Kingdom
C508140,22150,3 STRIPEY MICE FELTCRAFT,150,2010-05-13 10:58:00,1.65,12931,United Kingdom
C508140,21481,FAWN BLUE HOT WATER BOTTLE,140,2010-05-13 10:58:00,2.55,12931,United Kingdom
C508140,21915,RED  HARMONICA IN BOX ,156,2010-05-13 10:58:00,1.25,12931,United Kingdom
C508140,21731,RED TOADSTOOL LED NIGHT LIGHT,150,2010-05-13 10:58:00,1.45,12931,United Kingdom
C508140,20975,12 PENCILS SMALL TUBE RED SPOTTY,250,2010-05-13 10:58:00,0.65,12931,United Kingdom
C508140,21791,VINTAGE HEADS AND TAILS CARD GAME ,200,2010-05-13 10:58:00,1.06,12931,United Kingdom
C508334,47587A,PINK FAIRY CAKE COASTER,1200,2010-05-14 12:04:00,0.72,13694,United Kingdom
C508343,75049L,LARGE CIRCULAR MIRROR MOBILE,69,2010-05-14 12:20:00,0.85,14195,United Kingdom
C508455,79341,WILLOW BRANCH LIGHTS.,312,2010-05-14 16:38:00,5.45,16077,United Kingdom
C508458,79323P,PINK CHERRY LIGHTS,51,2010-05-14 17:15:00,5.45,15270,United Kingdom
C508458,79323W,WHITE CHERRY LIGHTS,51,2010-05-14 17:15:00,5.45,15270,United Kingdom
C509608,21655,HANGING RIDGE GLASS T-LIGHT HOLDER,60,2010-05-24 17:39:00,1.45,12773,Portugal
C510200,47599A,PINK PARTY BAGS,150,2010-05-28 07:40:00,1.52,12643,France
C510200,47599B,BLUE PARTY BAGS ,150,2010-05-28 07:40:00,1.52,12643,France
C510211,47566B,TEA TIME PARTY BUNTING,144,2010-05-28 08:06:00,3.75,14147,United Kingdom
C510214,21843,RED RETROSPOT CAKE STAND,60,2010-05-28 08:16:00,9.95,15061,United Kingdom
C510252,22584,PACK OF 6 PANNETONE GIFT BOXES,144,2010-05-28 10:37:00,2.1,15061,United Kingdom
C511172,20726,LUNCH BAG WOODLAND,830,2010-06-07 12:05:00,1.45,14028,United Kingdom
C511172,20727,LUNCH BAG  BLACK SKULL.,830,2010-06-07 12:05:00,1.45,14028,United Kingdom
C511172,20728,LUNCH BAG CARS BLUE,830,2010-06-07 12:05:00,1.45,14028,United Kingdom
C511272,20727,LUNCH BAG  BLACK SKULL.,210,2010-06-07 13:06:00,1.45,14159,United Kingdom
C511526,22384,LUNCH BAG PINK RETROSPOT,98,2010-06-08 17:20:00,1.45,18214,United Kingdom
C511526,20725,LUNCH BAG RED SPOTTY,99,2010-06-08 17:20:00,1.45,18214,United Kingdom
C511814,79323P,PINK CHERRY LIGHTS,61,2010-06-10 15:54:00,5.45,13694,United Kingdom
C511965,84270,ASSTD DESIGN BUBBLE GUM RING,60,2010-06-11 13:34:00,0.21,14727,United Kingdom
C511965,16033,MINI HIGHLIGHTER PENS,120,2010-06-11 13:34:00,0.12,14727,United Kingdom
C512293,90167,BEADED LOVE HEART JEWELLERY SET,288,2010-06-14 15:02:00,0.72,13069,United Kingdom
C513482,22564,ALPHABET STENCIL CRAFT,240,2010-06-24 17:32:00,1.06,16684,United Kingdom
C513771,21679,SKULLS  STICKERS,576,2010-06-28 13:49:00,0.72,16754,United Kingdom
C513771,21207,SKULL AND CROSSBONES  GARLAND ,320,2010-06-28 13:49:00,1.45,16754,United Kingdom
C513771,21086,SET/6 RED SPOTTY PAPER CUPS,576,2010-06-28 13:49:00,0.53,16754,United Kingdom
C513771,21094,SET/6 RED SPOTTY PAPER PLATES,576,2010-06-28 13:49:00,0.64,16754,United Kingdom
C513771,21080,SET/20 RED SPOTTY PAPER NAPKINS ,576,2010-06-28 13:49:00,0.64,16754,United Kingdom
C513771,22333,RETRO SPORT PARTY BAG + STICKER SET,432,2010-06-28 13:49:00,1.45,16754,United Kingdom
C513771,22090,PAPER BUNTING RETRO SPOTS,400,2010-06-28 13:49:00,2.55,16754,United Kingdom
C513771,22083,PAPER CHAIN KIT RETRO SPOT,400,2010-06-28 13:49:00,2.55,16754,United Kingdom
C513771,21987,PACK OF 6 SKULL PAPER CUPS,96,2010-06-28 13:49:00,0.65,16754,United Kingdom
C513771,21988,PACK OF 6 SKULL PAPER PLATES,576,2010-06-28 13:49:00,0.64,16754,United Kingdom
C513771,21989,PACK OF 20 SKULL PAPER NAPKINS,576,2010-06-28 13:49:00,0.64,16754,United Kingdom
C513771,22332,SKULLS PARTY BAG + STICKER SET,432,2010-06-28 13:49:00,1.45,16754,United Kingdom
C513771,22085,PAPER CHAIN KIT SKULLS ,400,2010-06-28 13:49:00,2.55,16754,United Kingdom
C513771,21704,BAG 250g SWIRLY MARBLES,648,2010-06-28 13:49:00,0.72,16754,United Kingdom
C513780,21679,SKULLS  STICKERS,288,2010-06-28 14:15:00,0.72,16754,United Kingdom
C513780,21207,SKULL AND CROSSBONES  GARLAND ,120,2010-06-28 14:15:00,1.45,16754,United Kingdom
C513780,21086,SET/6 RED SPOTTY PAPER CUPS,192,2010-06-28 14:15:00,0.53,16754,United Kingdom
C513780,22085,PAPER CHAIN KIT SKULLS ,160,2010-06-28 14:15:00,2.55,16754,United Kingdom
C513994,21878,PACK OF 6 SANDCASTLE FLAGS ASSORTED,408,2010-06-30 08:48:00,0.72,16754,United Kingdom
C513994,21747,SMALL SKULL WINDMILL,108,2010-06-30 08:48:00,1.06,16754,United Kingdom
C513994,21749,LARGE RED RETROSPOT WINDMILL,720,2010-06-30 08:48:00,1.85,16754,United Kingdom
C514689,20972,PINK CREAM FELT CRAFT TRINKET BOX ,144,2010-07-05 14:39:00,1.06,17307,United Kingdom
C514846,84992,72 SWEETHEART FAIRY CAKE CASES,240,2010-07-06 16:07:00,0.4,13027,United Kingdom
C515299,84078A,SET/4 WHITE RETRO STORAGE CUBES ,85,2010-07-09 15:26:00,34.95,13734,United Kingdom
C515468,84755,COLOUR GLASS T-LIGHT HOLDER HANGING,144,2010-07-12 16:07:00,0.55,14882,United Kingdom
C515972,22199,FRYING PAN RED POLKADOT ,264,2010-07-16 07:54:00,3.75,14156,Ireland
C517063,21212,PACK OF 72 RETRO SPOT CAKE CASES,72,2010-07-26 13:39:00,0.55,16555,United Kingdom
C517063,84991,60 TEATIME FAIRY CAKE CASES,72,2010-07-26 13:39:00,0.55,16555,United Kingdom
C517068,84270,ASSTD DESIGN BUBBLE GUM RING,90,2010-07-26 13:46:00,0.21,16555,United Kingdom
C517068,84077,WORLD WAR 2 GLIDERS ASSTD DESIGNS,192,2010-07-26 13:46:00,0.21,16555,United Kingdom
C517068,21829,DINOSAUR KEYRINGS ASSORTED,108,2010-07-26 13:46:00,0.21,16555,United Kingdom
C517227,20893,HANGING BAUBLE T-LIGHT HOLDER SMALL,72,2010-07-27 13:16:00,2.1,17408,United Kingdom
C517258,22692,DOORMAT WELCOME TO OUR HOME,140,2010-07-27 16:54:00,4.58,18102,United Kingdom
C517258,22691,DOORMAT WELCOME SUNRISE,140,2010-07-27 16:54:00,4.58,18102,United Kingdom
C517619,21212,PACK OF 72 RETRO SPOT CAKE CASES,240,2010-07-30 11:33:00,0.42,17404,Sweden
C517706,20731,POSY CANDY BAG,55,2010-08-01 10:04:00,1.06,12843,United Kingdom
C517716,21313,GLASS HEART T-LIGHT HOLDER ,96,2010-08-01 11:23:00,0.64,15039,United Kingdom
C518057,85111,SILVER GLITTER FLOWER VOTIVE HOLDER,144,2010-08-04 11:51:00,0.29,15873,United Kingdom
C518057,85110,BLACK SILVER FLOWER T-LIGHT HOLDER,288,2010-08-04 11:51:00,0.19,15873,United Kingdom
C518057,84755,COLOUR GLASS T-LIGHT HOLDER HANGING,144,2010-08-04 11:51:00,0.55,15873,United Kingdom
C518066,21934,SKULL SHOULDER BAG,51,2010-08-04 12:45:00,1.65,17841,United Kingdom
C518284,20914,SET/5 RED SPOTTY LID GLASS BOWLS,192,2010-08-06 11:06:00,2.55,14045,United Kingdom
C518284,37449,CERAMIC CAKE STAND + HANGING CAKES,100,2010-08-06 11:06:00,8.5,14045,United Kingdom
C518668,47556B,TEA TIME TEA TOWELS ,144,2010-08-10 14:58:00,2.55,13798,United Kingdom
C518997,21950,SET OF 6 DOTS CHOPSTICKS,180,2010-08-12 17:49:00,1.06,17949,United Kingdom
C519002,21833,CAMOUFLAGE LED TORCH,118,2010-08-12 18:43:00,1.49,15838,United Kingdom
C520180,21159,MOODY BOY  DOOR HANGER ,72,2010-08-24 13:47:00,0.38,17873,United Kingdom
C520180,21162,TOXIC AREA  DOOR HANGER ,72,2010-08-24 13:47:00,0.38,17873,United Kingdom
C520180,21161,KEEP OUT BOYS DOOR HANGER ,72,2010-08-24 13:47:00,0.38,17873,United Kingdom
C520180,21160,KEEP OUT GIRLS DOOR HANGER ,72,2010-08-24 13:47:00,0.38,17873,United Kingdom
C520180,21158,MOODY GIRL DOOR HANGER ,72,2010-08-24 13:47:00,0.38,17873,United Kingdom
C520180,21163,DO NOT TOUCH MY STUFF DOOR HANGER ,72,2010-08-24 13:47:00,0.38,17873,United Kingdom
C520180,21248,DOOR HANGER  MUM + DADS ROOM,72,2010-08-24 13:47:00,0.38,17873,United Kingdom
C520205,22469,HEART OF WICKER SMALL,120,2010-08-24 16:11:00,1.45,17133,United Kingdom
C520205,84755,COLOUR GLASS T-LIGHT HOLDER HANGING,288,2010-08-24 16:11:00,0.55,17133,United Kingdom
C520205,85123A,WHITE HANGING HEART T-LIGHT HOLDER,320,2010-08-24 16:11:00,2.55,17133,United Kingdom
C520205,22464,HANGING METAL HEART LANTERN,96,2010-08-24 16:11:00,1.45,17133,United Kingdom
C520205,22465,HANGING METAL STAR LANTERN,96,2010-08-24 16:11:00,1.45,17133,United Kingdom
C520205,22673,FRENCH GARDEN SIGN BLUE METAL,96,2010-08-24 16:11:00,1.06,17133,United Kingdom
C520205,82582,AREA PATROLLED METAL SIGN,72,2010-08-24 16:11:00,1.69,17133,United Kingdom
C521789,84946,ANTIQUE SILVER TEA GLASS ETCHED,72,2010-09-08 13:01:00,1.06,16027,United Kingdom
C522616,22851,SET 20 NAPKINS FAIRY CAKES DESIGN ,64,2010-09-15 14:51:00,0.85,15372,United Kingdom
C522818,84568,GIRLS ALPHABET IRON ON PATCHES ,288,2010-09-16 19:58:00,0.21,18041,United Kingdom
C522937,22086,PAPER CHAIN KIT 50'S CHRISTMAS ,120,2010-09-17 15:21:00,2.1,Unknown,United Kingdom
C523151,21987,PACK OF 6 SKULL PAPER CUPS,192,2010-09-20 14:56:00,0.35,16754,United Kingdom
C523153,20865,PATCHWORK PENCIL CASE BUTTERFLY ,81,2010-09-20 15:00:00,1.77,16754,United Kingdom
C523153,47590A,BLUE HAPPY BIRTHDAY BUNTING,100,2010-09-20 15:00:00,4.65,16754,United Kingdom
C523402,84568,GIRLS ALPHABET IRON ON PATCHES ,288,2010-09-21 20:24:00,0.21,15291,United Kingdom
C523427,51008,AFGHAN SLIPPER SOCK PAIR,300,2010-09-22 10:43:00,2.95,14933,Channel Islands
C524154,22739,RIBBON REEL CHRISTMAS SOCK BAUBLE,120,2010-09-27 15:58:00,1.45,14911,Ireland
C524154,22909,SET OF 20 VINTAGE CHRISTMAS NAPKINS,192,2010-09-27 15:58:00,0.64,14911,Ireland
C524154,22952,60 CAKE CASES VINTAGE CHRISTMAS,240,2010-09-27 15:58:00,0.42,14911,Ireland
C524154,22950,36 DOILIES VINTAGE CHRISTMAS,288,2010-09-27 15:58:00,1.25,14911,Ireland
C524154,22910,PAPER CHAIN KIT VINTAGE CHRISTMAS,80,2010-09-27 15:58:00,2.55,14911,Ireland
C524154,21790,VINTAGE SNAP CARDS,72,2010-09-27 15:58:00,0.72,14911,Ireland
C524154,21889,WOODEN BOX OF DOMINOES,72,2010-09-27 15:58:00,1.25,14911,Ireland
C524154,22561,WOODEN SCHOOL COLOURING SET,72,2010-09-27 15:58:00,1.45,14911,Ireland
C524154,22489,PACK OF 12 TRADITIONAL CRAYONS,144,2010-09-27 15:58:00,0.36,14911,Ireland
C524154,22560,TRADITIONAL MODELLING CLAY,144,2010-09-27 15:58:00,1.06,14911,Ireland
C524154,22491,PACK OF 12 COLOURED PENCILS,144,2010-09-27 15:58:00,0.72,14911,Ireland
C524154,22623,BOX OF VINTAGE JIGSAW BLOCKS ,60,2010-09-27 15:58:00,4.25,14911,Ireland
C524154,21912,VINTAGE SNAKES & LADDERS,72,2010-09-27 15:58:00,3.75,14911,Ireland
C524154,21888,BINGO SET,72,2010-09-27 15:58:00,3.75,14911,Ireland
C524154,22550,HOLIDAY FUN LUDO,72,2010-09-27 15:58:00,3.75,14911,Ireland
C524158,22907,PACK OF 20 NAPKINS PANTRY DESIGN,192,2010-09-27 16:05:00,0.64,14911,Ireland
C524158,84380,SET OF 3 BUTTERFLY COOKIE CUTTERS,144,2010-09-27 16:05:00,1.06,14911,Ireland
C524235,16047,POP ART PEN CASE & PENS,5184,2010-09-28 11:02:00,0.08,14277,France
C524235,21280,VINTAGE KITCHEN PRINT VEGETABLES,1248,2010-09-28 11:02:00,0.25,14277,France
C524235,21281,VINTAGE KITCHEN PRINT SEAFOOD,1536,2010-09-28 11:02:00,0.25,14277,France
C524235,21336,GOLD WASHBAG,864,2010-09-28 11:02:00,0.13,14277,France
C524235,21392,RED POLKADOT PUDDING BOWL,3648,2010-09-28 11:02:00,0.13,14277,France
C524235,21393,BLUE POLKADOT PUDDING BOWL,2496,2010-09-28 11:02:00,0.13,14277,France
C524235,37340,MULTICOLOUR SPRING FLOWER MUG,4992,2010-09-28 11:02:00,0.1,14277,France
C524235,37423,WHITE WITH BLACK CATS PLATE,2952,2010-09-28 11:02:00,0.1,14277,France
C524235,37424,WHITE WITH BLACK CATS MUG,2112,2010-09-28 11:02:00,0.13,14277,France
C524235,37444A,YELLOW BREAKFAST CUP AND SAUCER,1308,2010-09-28 11:02:00,0.13,14277,France
C524235,37444B,BLUE BREAKFAST CUP AND SAUCER ,984,2010-09-28 11:02:00,0.13,14277,France
C524235,37444C,PINK BREAKFAST CUP AND SAUCER ,768,2010-09-28 11:02:00,0.13,14277,France
C524235,37471,MULTICOLOUR POLKADOT PLATE,684,2010-09-28 11:02:00,0.1,14277,France
C524235,84493,BLUE/PINK NEST STRIPE BOX,567,2010-09-28 11:02:00,0.08,14277,France
C524235,84842,HELLO SAILOR BATHROOM SET,720,2010-09-28 11:02:00,0.33,14277,France
C524235,84847,FLORAL BATHROOM SET,1116,2010-09-28 11:02:00,0.33,14277,France
C524235,84925D,LA PALMIERA WALL THERMOMETER,372,2010-09-28 11:02:00,0.25,14277,France
C524235,84924F,PSYCHEDELIC METAL SIGN CALENDAR,480,2010-09-28 11:02:00,0.25,14277,France
C524235,84927A,WAKE UP COCKEREL TILE HOOK,72,2010-09-28 11:02:00,0.08,14277,France
C524235,84927D,LA PALMIERA TILE HOOK,432,2010-09-28 11:02:00,0.08,14277,France
C524235,84927E,FLOWERS TILE HOOK,192,2010-09-28 11:02:00,0.08,14277,France
C524235,85006,SET 4 NURSERY DES ROUND BOXES,1440,2010-09-28 11:02:00,0.31,14277,France
C524235,85109,PINK BOUDOIR T-LIGHT HOLDER,1872,2010-09-28 11:02:00,0.07,14277,France
C524235,85110,BLACK SILVER FLOWER T-LIGHT HOLDER,4752,2010-09-28 11:02:00,0.07,14277,France
C524235,85160A,WHITE BIRD GARDEN DESIGN MUG,4320,2010-09-28 11:02:00,0.13,14277,France
C524235,10123C,HEARTS WRAPPING TAPE ,144,2010-09-28 11:02:00,0.06,14277,France
C524235,10123G,ARMY CAMO WRAPPING TAPE,1104,2010-09-28 11:02:00,0.06,14277,France
C524235,16043,POP ART PUSH DOWN RUBBER ,960,2010-09-28 11:02:00,0.06,14277,France
C524235,16046,TEATIME PEN CASE & PENS,4608,2010-09-28 11:02:00,0.08,14277,France
C524235,16053,POPART COL BALLPOINT PEN ASST,2000,2010-09-28 11:02:00,0.03,14277,France
C524235,16162L,THE KING GIFT BAG,3744,2010-09-28 11:02:00,0.05,14277,France
C524235,16202A,PASTEL PINK PHOTO ALBUM ,300,2010-09-28 11:02:00,0.17,14277,France
C524235,16202B,PASTEL BLUE PHOTO ALBUM ,444,2010-09-28 11:02:00,0.17,14277,France
C524235,20661,BLUE POLKADOT PURSE ,300,2010-09-28 11:02:00,0.17,14277,France
C524235,20662,FIRST CLASS HOLIDAY PURSE ,300,2010-09-28 11:02:00,0.17,14277,France
C524235,20663,QUEEN OF THE SKIES HOLIDAY PURSE ,500,2010-09-28 11:02:00,0.17,14277,France
C524235,20666,ECONOMY HOLIDAY PURSE,400,2010-09-28 11:02:00,0.17,14277,France
C524235,20670,VIP HOLIDAY PURSE,300,2010-09-28 11:02:00,0.17,14277,France
C524235,21082,SET/20 FRUIT SALAD PAPER NAPKINS ,3072,2010-09-28 11:02:00,0.17,14277,France
C524235,21088,SET/6 FRUIT SALAD PAPER CUPS,7128,2010-09-28 11:02:00,0.08,14277,France
C524235,21096,SET/6 FRUIT SALAD  PAPER PLATES,7008,2010-09-28 11:02:00,0.13,14277,France
C524235,21278,VINTAGE KITCHEN PRINT PUDDINGS,1200,2010-09-28 11:02:00,0.25,14277,France
C524235,21279,VINTAGE KITCHEN PRINT FRUITS,1632,2010-09-28 11:02:00,0.25,14277,France
C524235,85160B,BLACK BIRD GARDEN DESIGN MUG,2976,2010-09-28 11:02:00,0.13,14277,France
C524235,85184D,S/4 BLUE ROUND DECOUPAGE BOXES,3936,2010-09-28 11:02:00,0.42,14277,France
C525550,75049L,LARGE CIRCULAR MIRROR MOBILE,85,2010-10-05 19:31:00,0.85,15270,United Kingdom
C525699,20829,GLITTER HANGING BUTTERFLY STRING,200,2010-10-06 12:42:00,0.41,12931,United Kingdom
C525894,22951,60 CAKE CASES DOLLY GIRL DESIGN,120,2010-10-07 15:12:00,0.42,12429,Denmark
C525937,72529W,WHITE ADVENT CANDLE,59,2010-10-07 17:16:00,1.69,18220,United Kingdom
C526671,17003,BROCADE RING PURSE ,700,2010-10-12 16:03:00,0.05,16422,United Kingdom
C526851,22574,HEART WOODEN CHRISTMAS DECORATION,96,2010-10-13 12:37:00,0.85,16775,United Kingdom
C527289,22906,12 MESSAGE CARDS WITH ENVELOPES,60,2010-10-15 14:07:00,1.45,18018,United Kingdom
C527405,22435,SET OF 9 HEART SHAPED BALLOONS,100,2010-10-17 14:35:00,1.06,14800,United Kingdom
C527460,84670,JAPANESE CROCHETED ANIMAL,100,2010-10-18 10:35:00,0.42,15574,United Kingdom
C527790,22904,CALENDAR PAPER CUT DESIGN,160,2010-10-19 11:12:00,2.95,12454,Spain
C527790,22271,FELTCRAFT DOLL ROSIE,144,2010-10-19 11:12:00,2.95,12454,Spain
C527790,22903,CALENDAR FAMILY FAVOURITES,160,2010-10-19 11:12:00,2.95,12454,Spain
C527790,22670,FRENCH WC SIGN BLUE METAL,576,2010-10-19 11:12:00,1.25,12454,Spain
C527790,22341,LOVE GARLAND PAINTED ZINC ,576,2010-10-19 11:12:00,1.65,12454,Spain
C527790,21381,MINI WOODEN HAPPY BIRTHDAY GARLAND,288,2010-10-19 11:12:00,1.69,12454,Spain
C527790,21380,WOODEN HAPPY BIRTHDAY GARLAND,288,2010-10-19 11:12:00,2.95,12454,Spain
C528228,22161,HEART DECORATION RUSTIC HANGING ,64,2010-10-21 11:39:00,0.38,17422,United Kingdom
C528406,21098,CHRISTMAS TOILET ROLL,72,2010-10-22 09:09:00,1.06,17829,United Arab Emirates
C529098,21849,SILVER DIAMANTE PEN IN GIFT BOX,96,2010-10-26 13:58:00,1.25,15953,United Kingdom
C529352,82482,WOODEN PICTURE FRAME WHITE FINISH,108,2010-10-28 09:32:00,2.1,17450,United Kingdom
C529352,71459,HANGING JAM JAR T-LIGHT HOLDER,96,2010-10-28 09:32:00,0.72,17450,United Kingdom
C529352,82494L,WOODEN FRAME ANTIQUE WHITE ,60,2010-10-28 09:32:00,2.55,17450,United Kingdom
C529352,71477,COLOUR GLASS. STAR T-LIGHT HOLDER,1152,2010-10-28 09:32:00,2.75,17450,United Kingdom
C529352,21733,RED HANGING HEART T-LIGHT HOLDER,320,2010-10-28 09:32:00,2.55,17450,United Kingdom
C529352,85123A,WHITE HANGING HEART T-LIGHT HOLDER,320,2010-10-28 09:32:00,2.55,17450,United Kingdom
C529352,22335,HEART DECORATION PAINTED ZINC ,288,2010-10-28 09:32:00,0.55,17450,United Kingdom
C529352,22804,CANDLEHOLDER PINK HANGING HEART,320,2010-10-28 09:32:00,2.55,17450,United Kingdom
C529352,22178,VICTORIAN GLASS HANGING T-LIGHT,96,2010-10-28 09:32:00,1.06,17450,United Kingdom
C529564,22333,RETROSPOT PARTY BAG + STICKER SET,384,2010-10-28 18:14:00,1.45,16422,United Kingdom
C529612,22111,SCOTTIE DOG HOT WATER BOTTLE,60,2010-10-29 10:44:00,4.25,14543,United Kingdom
C529612,22570,FELTCRAFT CUSHION RABBIT,150,2010-10-29 10:44:00,3.39,14543,United Kingdom
C529612,22569,FELTCRAFT CUSHION BUTTERFLY,150,2010-10-29 10:44:00,3.39,14543,United Kingdom
C530063,20975,12 PENCILS SMALL TUBE RED RETROSPOT,56,2010-11-01 11:40:00,0.55,12931,United Kingdom
C530065,16235,RECYCLED PENCIL WITH RABBIT ERASER,60,2010-11-01 11:45:00,0.21,14934,Channel Islands
C530172,22575,METAL MERRY CHRISTMAS WREATH,74,2010-11-02 09:59:00,1.65,17609,United Kingdom
C530185,21735,TWO DOOR CURIO CABINET,148,2010-11-02 10:52:00,10.95,17389,United Kingdom
C530573,22333,RETROSPOT PARTY BAG + STICKER SET,384,2010-11-03 14:34:00,1.45,16422,United Kingdom
C531133,22489,PACK OF 12 TRADITIONAL CRAYONS,144,2010-11-05 13:58:00,0.36,14911,Ireland
C531557,22904,CALENDAR PAPER CUT DESIGN,160,2010-11-09 10:06:00,2.55,12454,Spain
C531557,22271,FELTCRAFT DOLL ROSIE,144,2010-11-09 10:06:00,2.55,12454,Spain
C531557,22670,FRENCH WC SIGN BLUE METAL,576,2010-11-09 10:06:00,1.06,12454,Spain
C531557,21381,MINI WOODEN HAPPY BIRTHDAY GARLAND,288,2010-11-09 10:06:00,1.45,12454,Spain
C531557,22341,LOVE GARLAND PAINTED ZINC ,576,2010-11-09 10:06:00,1.45,12454,Spain
C531557,22903,CALENDAR FAMILY FAVOURITES,160,2010-11-09 10:06:00,2.55,12454,Spain
C531557,21380,WOODEN HAPPY BIRTHDAY GARLAND,288,2010-11-09 10:06:00,2.55,12454,Spain
C531565,20829,GLITTER HANGING BUTTERFLY STRING,270,2010-11-09 10:22:00,1.69,16684,United Kingdom
C531576,71477,COLOUR GLASS. STAR T-LIGHT HOLDER,96,2010-11-09 10:46:00,2.75,16013,United Kingdom
C531775,20676,RED RETROSPOT BOWL,72,2010-11-09 14:42:00,1.06,14062,United Kingdom
C532385,22297,HEART IVORY TRELLIS SMALL,243,2010-11-11 18:36:00,1.25,12748,United Kingdom
C533125,18007,ESSENTIAL BALM 3.5g TIN IN ENVELOPE,2400,2010-11-16 12:42:00,0.05,14609,United Kingdom
C533153,22413,METAL SIGN TAKE IT OR LEAVE IT ,100,2010-11-16 14:00:00,2.55,16705,United Kingdom
C534675,22423,REGENCY CAKESTAND 3 TIER,96,2010-11-23 14:29:00,10.95,13089,United Kingdom
C534675,84949,SILVER HANGING T-LIGHT HOLDER,96,2010-11-23 14:29:00,1.45,13089,United Kingdom
C534717,20952,PORCELAIN CHERUB BELL SMALL,248,2010-11-23 17:47:00,0.42,16684,United Kingdom
C534717,85123A,WHITE HANGING HEART T-LIGHT HOLDER,96,2010-11-23 17:47:00,2.55,16684,United Kingdom
C534717,84406B,CREAM CUPID HEARTS COAT HANGER,108,2010-11-23 17:47:00,2.75,16684,United Kingdom
C534717,82494L,WOODEN FRAME ANTIQUE WHITE ,60,2010-11-23 17:47:00,2.55,16684,United Kingdom
C534717,82482,WOODEN PICTURE FRAME WHITE FINISH,96,2010-11-23 17:47:00,2.1,16684,United Kingdom
C534717,22470,HEART OF WICKER LARGE,320,2010-11-23 17:47:00,2.55,16684,United Kingdom
C534717,85175,CACTI T-LIGHT CANDLES,256,2010-11-23 17:47:00,0.36,16684,United Kingdom
C534717,22694,WICKER STAR ,120,2010-11-23 17:47:00,1.85,16684,United Kingdom
C534717,22178,VICTORIAN GLASS HANGING T-LIGHT,288,2010-11-23 17:47:00,1.06,16684,United Kingdom
C534717,84879,ASSORTED COLOUR BIRD ORNAMENT,160,2010-11-23 17:47:00,1.45,16684,United Kingdom
C534838,84598,BOYS ALPHABET IRON ON PATCHES,288,2010-11-24 13:10:00,0.21,16634,United Kingdom
C534838,84568,GIRLS ALPHABET IRON ON PATCHES ,288,2010-11-24 13:10:00,0.21,16634,United Kingdom
C534845,22554,PLASTERS IN TIN WOODLAND ANIMALS,96,2010-11-24 13:25:00,1.45,14646,Netherlands
C534845,84997B,RED 3 PIECE RETROSPOT CUTLERY SET,72,2010-11-24 13:25:00,3.39,14646,Netherlands
C534845,22385,JUMBO BAG SPACEBOY DESIGN,300,2010-11-24 13:25:00,1.65,14646,Netherlands
C534845,22944,CHRISTMAS METAL POSTCARD WITH BELLS,288,2010-11-24 13:25:00,1.06,14646,Netherlands
C534845,22551,PLASTERS IN TIN SPACEBOY,192,2010-11-24 13:25:00,1.45,14646,Netherlands
C534845,22714,CARD BIRTHDAY COWBOY,72,2010-11-24 13:25:00,0.36,14646,Netherlands
C534878,21830,ASSORTED CREEPY CRAWLIES,576,2010-11-24 14:39:00,0.36,15027,United Kingdom
C535804,22154,ANGEL DECORATION 3 BUTTONS ,96,2010-11-28 15:02:00,0.42,17987,United Kingdom
C536023,16033,MINI HIGHLIGHTER PENS,120,2010-11-29 16:06:00,0.12,15555,United Kingdom
C536071,21136,PAINTED METAL PEARS ASSORTED,212,2010-11-30 10:53:00,1.45,18084,United Kingdom
C536071,84879,ASSORTED COLOUR BIRD ORNAMENT,213,2010-11-30 10:53:00,1.45,18084,United Kingdom
C536164,72351B,SET/6 PINK  BUTTERFLY T-LIGHTS,110,2010-11-30 12:09:00,1.69,15369,United Kingdom
C536164,22219,LOVEBIRD HANGING DECORATION WHITE ,82,2010-11-30 12:09:00,0.72,15369,United Kingdom
C536164,22583,PACK OF 6 HANDBAG GIFT BOXES,68,2010-11-30 12:09:00,2.4,15369,United Kingdom
C536164,84988,SET OF 72 PINK HEART PAPER DOILIES,51,2010-11-30 12:09:00,1.42,15369,United Kingdom
C536164,22089,PAPER BUNTING VINTAGE PAISLEY,55,2010-11-30 12:09:00,2.84,15369,United Kingdom
C536164,22087,PAPER BUNTING WHITE LACE,65,2010-11-30 12:09:00,2.9,15369,United Kingdom
C536164,15056P,EDWARDIAN PARASOL PINK,60,2010-11-30 12:09:00,4.95,15369,United Kingdom
C536164,15056N,EDWARDIAN PARASOL NATURAL,65,2010-11-30 12:09:00,4.95,15369,United Kingdom
C536164,15056BL,EDWARDIAN PARASOL BLACK,65,2010-11-30 12:09:00,4.95,15369,United Kingdom
C536164,21916,SET 12 RETRO WHITE CHALK STICKS,129,2010-11-30 12:09:00,0.42,15369,United Kingdom
C536164,22585,PACK OF 6 BIRDY GIFT TAGS,117,2010-11-30 12:09:00,1.06,15369,United Kingdom
C536757,84347,ROTATING SILVER ANGELS T-LIGHT HLDR,9360,2010-12-02 14:23:00,0.03,15838,United Kingdom
C536812,22574,HEART WOODEN CHRISTMAS DECORATION,192,2010-12-02 16:58:00,0.72,16546,United Kingdom
C536812,22593,CHRISTMAS GINGHAM STAR,144,2010-12-02 16:58:00,0.72,16546,United Kingdom
C536812,22595,CHRISTMAS GINGHAM HEART,144,2010-12-02 16:58:00,0.72,16546,United Kingdom
C536812,22588,CARD HOLDER GINGHAM HEART,192,2010-12-02 16:58:00,2.1,16546,United Kingdom
C536812,22130,PARTY CONE CHRISTMAS DECORATION ,144,2010-12-02 16:58:00,0.72,16546,United Kingdom
C537413,22834,HAND WARMER BABUSHKA DESIGN,72,2010-12-06 15:07:00,2.1,14409,United Kingdom
C538110,21232,STRAWBERRY CERAMIC TRINKET BOX,144,2010-12-09 15:24:00,1.06,17307,United Kingdom
C538341,22752,SET 7 BABUSHKA NESTING BOXES,96,2010-12-10 14:03:00,7.65,15514,United Kingdom
C538357,35924,HANGING FAIRY CAKE DECORATION,144,2010-12-10 16:01:00,1.69,13798,United Kingdom
C538702,84826,ASSTD DESIGN 3D PAPER STICKERS,60,2010-12-14 10:28:00,0.85,13008,United Kingdom
C538847,85232B,SET OF 3 BABUSHKA STACKING TINS,240,2010-12-14 13:27:00,4.95,17404,Sweden
C539287,85172,HYACINTH BULB T-LIGHT CANDLES,80,2010-12-16 16:24:00,0.42,17655,United Kingdom
C539287,85175,CACTI T-LIGHT CANDLES,80,2010-12-16 16:24:00,0.42,17655,United Kingdom
C539329,20733,GOLD MINI TAPE MEASURE ,300,2010-12-17 09:37:00,0.72,16013,United Kingdom
C539329,85123A,WHITE HANGING HEART T-LIGHT HOLDER,500,2010-12-17 09:37:00,2.55,16013,United Kingdom
C539576,35957,SMALLFOLKART BAUBLE CHRISTMAS DEC,96,2010-12-20 12:25:00,0.19,14911,Ireland
C540109,85071A,BLUE CHARLIE+LOLA PERSONAL DOORSIGN,150,2011-01-04 17:12:00,2.95,17389,United Kingdom
C540155,72802B,OCEAN SCENT CANDLE IN JEWELLED BOX,54,2011-01-05 11:31:00,3.81,Unknown,Bahrain
C540417,79321,CHILLI LIGHTS,72,2011-01-07 10:56:00,4.25,13680,United Kingdom
C540417,20725,LUNCH BAG RED RETROSPOT,100,2011-01-07 10:56:00,1.45,13680,United Kingdom
C540417,85099B,JUMBO BAG RED RETROSPOT,100,2011-01-07 10:56:00,1.65,13680,United Kingdom
C541433,23166,MEDIUM CERAMIC TOP STORAGE JAR,74215,2011-01-18 10:17:00,1.04,12346,United Kingdom
C542138,51014L,"FEATHER PEN,LIGHT PINK",72,2011-01-25 17:21:00,0.85,17368,United Kingdom
C542138,51014A,"FEATHER PEN,HOT PINK",72,2011-01-25 17:21:00,0.85,17368,United Kingdom
C542138,20866,BLUE ROSE FABRIC MIRROR,120,2011-01-25 17:21:00,1.06,17368,United Kingdom
C542138,16237,SLEEPING CAT ERASERS,60,2011-01-25 17:21:00,0.21,17368,United Kingdom
C542693,15036,ASSORTED COLOURS SILK FAN,600,2011-01-31 12:36:00,0.65,12908,United Kingdom
C542742,84535B,FAIRY CAKES NOTEBOOK A6 SIZE,94,2011-01-31 16:26:00,0.65,15358,United Kingdom
C542793,22111,SCOTTIE DOG HOT WATER BOTTLE,72,2011-02-01 10:52:00,4.25,14113,United Kingdom
C543381,84754,S/15 SILVER GLASS BAUBLES IN BAG,144,2011-02-07 15:52:00,1.06,15513,United Kingdom
C543551,22171,3 HOOK PHOTO SHELF ANTIQUE WHITE,76,2011-02-10 10:00:00,7.65,16716,United Kingdom
C544184,21877,HOME SWEET HOME MUG,144,2011-02-16 15:47:00,1.06,16684,United Kingdom
C545033,22936,BAKING MOULD ROSE WHITE CHOCOLATE,72,2011-02-25 16:26:00,2.75,14156,Ireland
C545033,22935,BAKING MOULD ROSE MILK CHOCOLATE,72,2011-02-25 16:26:00,2.75,14156,Ireland
C545033,22838,3 TIER CAKE TIN RED AND CREAM,96,2011-02-25 16:26:00,12.75,14156,Ireland
C545033,22699,ROSES REGENCY TEACUP AND SAUCER ,120,2011-02-25 16:26:00,2.55,14156,Ireland
C545033,22630,DOLLY GIRL LUNCH BOX,192,2011-02-25 16:26:00,1.65,14156,Ireland
C545033,22363,GLASS JAR MARMALADE ,120,2011-02-25 16:26:00,2.55,14156,Ireland
C545525,22969,HOMEMADE JAM SCENTED CANDLES,86,2011-03-03 13:11:00,1.25,12415,Australia
C546162,85178,VICTORIAN SEWING KIT,144,2011-03-10 09:53:00,1.25,17404,Sweden
C546735,22933,BAKING MOULD EASTER EGG MILK CHOC,144,2011-03-16 11:50:00,2.1,16029,United Kingdom
C546735,22932,BAKING MOULD TOFFEE CUP CHOCOLATE,96,2011-03-16 11:50:00,2.1,16029,United Kingdom
C546735,22930,BAKING MOULD HEART MILK CHOCOLATE,96,2011-03-16 11:50:00,2.1,16029,United Kingdom
C547725,22924,FRIDGE MAGNETS LA VIE EN ROSE,72,2011-03-25 10:43:00,0.85,Unknown,United Kingdom
C547725,84929,ASSTD FRUIT+FLOWERS FRIDGE MAGNETS,144,2011-03-25 10:43:00,0.55,Unknown,United Kingdom
C547725,22945,CHRISTMAS METAL TAGS ASSORTED ,72,2011-03-25 10:43:00,0.85,Unknown,United Kingdom
C547725,22922,FRIDGE MAGNETS US DINER ASSORTED,72,2011-03-25 10:43:00,0.85,Unknown,United Kingdom
C547958,20713,JUMBO BAG OWLS,100,2011-03-28 15:18:00,1.65,15032,United Kingdom
C547961,22411,JUMBO SHOPPER VINTAGE RED PAISLEY,100,2011-03-28 15:30:00,1.65,15032,United Kingdom
C547961,21929,JUMBO BAG PINK VINTAGE PAISLEY,100,2011-03-28 15:30:00,1.65,15032,United Kingdom
C548532,82494L,WOODEN FRAME ANTIQUE WHITE ,96,2011-03-31 17:16:00,2.55,14031,United Kingdom
C548577,21154,RED RETROSPOT OVEN GLOVE ,200,2011-04-01 10:46:00,1.06,13694,United Kingdom
C548577,21873,IF YOU CAN'T STAND THE HEAT MUG,72,2011-04-01 10:46:00,1.06,13694,United Kingdom
C548577,22659,LUNCH BOX I LOVE LONDON,64,2011-04-01 10:46:00,1.65,13694,United Kingdom
C548577,21155,RED RETROSPOT PEG BAG,200,2011-04-01 10:46:00,2.1,13694,United Kingdom
C548577,21210,SET OF 72 RETROSPOT PAPER  DOILIES,96,2011-04-01 10:46:00,1.25,13694,United Kingdom
C548731,22328,ROUND SNACK BOXES SET OF 4 FRUITS ,624,2011-04-04 10:12:00,2.55,12755,Japan
C549544,21035,SET/2 RED RETROSPOT TEA TOWELS ,100,2011-04-10 11:15:00,2.75,15311,United Kingdom
C549968,22151,PLACE SETTING WHITE HEART,432,2011-04-13 14:24:00,0.36,14064,United Kingdom
C550027,75049L,LARGE CIRCULAR MIRROR MOBILE,58,2011-04-14 11:26:00,0.85,14195,United Kingdom
C550365,22398,MAGNETS PACK OF 4 SWALLOWS,60,2011-04-18 11:31:00,1.25,12731,France
C550456,48185,DOORMAT FAIRY CAKE,670,2011-04-18 13:08:00,6.75,15749,United Kingdom
C550456,47566B,TEA TIME PARTY BUNTING,1300,2011-04-18 13:08:00,2.55,15749,United Kingdom
C550456,85123A,WHITE HANGING HEART T-LIGHT HOLDER,1930,2011-04-18 13:08:00,2.55,15749,United Kingdom
C550456,21175,GIN + TONIC DIET METAL SIGN,2000,2011-04-18 13:08:00,1.85,15749,United Kingdom
C550456,21108,FAIRY CAKE FLANNEL ASSORTED COLOUR,3114,2011-04-18 13:08:00,2.1,15749,United Kingdom
C550672,23199,JUMBO BAG APPLES,100,2011-04-20 10:10:00,1.79,12457,Switzerland
C551348,22990,COTTON APRON PANTRY DESIGN,100,2011-04-28 09:49:00,4.25,12415,Australia
C551510,47566,PARTY BUNTING,100,2011-04-28 19:43:00,4.15,16163,United Kingdom
C552021,22963,JAM JAR WITH GREEN LID,51,2011-05-05 17:57:00,0.72,15125,United Kingdom
C552556,21980,PACK OF 12 RED RETROSPOT TISSUES ,72,2011-05-10 11:21:00,0.29,17504,United Kingdom
C552564,23201,JUMBO BAG ALPHABET,200,2011-05-10 11:55:00,1.79,13694,United Kingdom
C552564,23199,JUMBO BAG APPLES,200,2011-05-10 11:55:00,1.79,13694,United Kingdom
C552568,84077,WORLD WAR 2 GLIDERS ASSTD DESIGNS,960,2011-05-10 12:04:00,0.21,12901,United Kingdom
C553880,23155,KNICKERBOCKERGLORY MAGNET ASSORTED ,96,2011-05-19 15:23:00,0.72,13762,United Kingdom
C553880,22464,HANGING METAL HEART LANTERN,72,2011-05-19 15:23:00,1.45,13762,United Kingdom
C554793,84077,WORLD WAR 2 GLIDERS ASSTD DESIGNS,96,2011-05-26 12:41:00,0.11,12901,United Kingdom
C555006,23300,GARDENERS KNEELING PAD CUP OF TEA ,96,2011-05-31 09:51:00,1.45,13694,United Kingdom
C555014,22501,PICNIC BASKET WICKER LARGE,52,2011-05-31 10:45:00,8.5,13113,United Kingdom
C556293,84946,ANTIQUE SILVER T-LIGHT GLASS,72,2011-06-10 09:30:00,1.06,13094,United Kingdom
C556293,22791,T-LIGHT GLASS FLUTED ANTIQUE,72,2011-06-10 09:30:00,1.06,13094,United Kingdom
C556448,22502,PICNIC BASKET WICKER SMALL,60,2011-06-10 15:39:00,4.95,15098,United Kingdom
C556511,23228,FILIGREE HEART BIRD WHITE ,144,2011-06-13 10:42:00,1.04,16525,United Kingdom
C556522,22920,HERB MARKER BASIL,1515,2011-06-13 11:21:00,0.55,16938,United Kingdom
C556925,71477,COLOUR GLASS. STAR T-LIGHT HOLDER,420,2011-06-15 14:23:00,2.75,16013,United Kingdom
C557508,23167,SMALL CERAMIC TOP STORAGE JAR ,480,2011-06-20 16:13:00,0.69,16684,United Kingdom
C557508,23166,MEDIUM CERAMIC TOP STORAGE JAR,240,2011-06-20 16:13:00,1.04,16684,United Kingdom
C557882,71459,HANGING JAM JAR T-LIGHT HOLDER,72,2011-06-23 13:23:00,0.85,15061,United Kingdom
C557941,22659,LUNCH BOX I LOVE LONDON,164,2011-06-23 16:00:00,1.65,12901,United Kingdom
C557941,22900,SET 2 TEA TOWELS I LOVE LONDON ,160,2011-06-23 16:00:00,2.32,12901,United Kingdom
C558095,23210,WHITE ROCKING HORSE HAND PAINTED,144,2011-06-26 13:13:00,1.04,15046,United Kingdom
C558553,23170,REGENCY TEA PLATE ROSES ,576,2011-06-30 12:44:00,1.45,17949,United Kingdom
C558716,21829,DINOSAUR KEYRINGS ASSORTED,108,2011-07-01 13:22:00,0.21,17888,United Kingdom
C558716,16259,PIECE OF CAMO STATIONERY SET,108,2011-07-01 13:22:00,0.08,17888,United Kingdom
C559031,82580,BATHROOM METAL SIGN,250,2011-07-05 14:53:00,0.42,15985,United Kingdom
C559345,21439,BASKET OF TOADSTOOLS,408,2011-07-07 17:16:00,1.06,13984,United Kingdom
C559803,15036,ASSORTED COLOURS SILK FAN,72,2011-07-12 13:49:00,0.83,16701,United Kingdom
C559908,21871,SAVE THE PLANET MUG,72,2011-07-13 13:56:00,1.06,14088,United Kingdom
C560148,20713,JUMBO BAG OWLS,100,2011-07-15 11:10:00,1.79,15769,United Kingdom
C560219,84012,MAGIC SHEEP WOOL GROWING FROM PAPER,120,2011-07-15 15:22:00,0.85,12451,Switzerland
C560396,22579,WOODEN TREE CHRISTMAS SCANDINAVIAN,96,2011-07-18 13:49:00,0.85,18087,United Kingdom
C560396,22578,WOODEN STAR CHRISTMAS SCANDINAVIAN,96,2011-07-18 13:49:00,0.85,18087,United Kingdom
C560396,22577,WOODEN HEART CHRISTMAS SCANDINAVIAN,96,2011-07-18 13:49:00,0.85,18087,United Kingdom
C560733,71477,COLOUR GLASS. STAR T-LIGHT HOLDER,360,2011-07-20 14:55:00,2.75,15298,United Kingdom
C560735,71477,COLOUR GLASS. STAR T-LIGHT HOLDER,360,2011-07-20 14:59:00,2.75,16013,United Kingdom
C560903,22178,VICTORIAN GLASS HANGING T-LIGHT,75,2011-07-21 17:47:00,1.06,18198,United Kingdom
C561059,21035,SET/2 RED RETROSPOT TEA TOWELS ,100,2011-07-24 13:26:00,2.75,13802,United Kingdom
C561059,20725,LUNCH BAG RED RETROSPOT,100,2011-07-24 13:26:00,1.45,13802,United Kingdom
C561083,22983,CARD BILLBOARD FONT,121,2011-07-24 16:20:00,0.36,13230,United Kingdom
C561810,15056BL,EDWARDIAN PARASOL BLACK,120,2011-07-29 15:12:00,4.95,14145,United Kingdom
C562188,85099B,JUMBO BAG RED RETROSPOT,100,2011-08-03 12:16:00,1.79,12748,United Kingdom
C562221,22791,T-LIGHT GLASS FLUTED ANTIQUE,72,2011-08-03 14:22:00,1.06,16525,United Kingdom
C562221,22151,PLACE SETTING WHITE HEART,432,2011-08-03 14:22:00,0.36,16525,United Kingdom
C562375,23318,BOX OF 6 MINI VINTAGE CRACKERS,96,2011-08-04 14:46:00,2.08,14911,Ireland
C562375,23157,SET OF 6 NATIVITY MAGNETS ,240,2011-08-04 14:46:00,1.85,14911,Ireland
C562375,22979,PANTRY WASHING UP BRUSH,72,2011-08-04 14:46:00,1.25,14911,Ireland
C562375,22952,60 CAKE CASES VINTAGE CHRISTMAS,240,2011-08-04 14:46:00,0.42,14911,Ireland
C562375,22950,36 DOILIES VINTAGE CHRISTMAS,288,2011-08-04 14:46:00,1.25,14911,Ireland
C562375,22945,CHRISTMAS METAL TAGS ASSORTED ,144,2011-08-04 14:46:00,0.72,14911,Ireland
C562375,22910,PAPER CHAIN KIT VINTAGE CHRISTMAS,200,2011-08-04 14:46:00,2.55,14911,Ireland
C562375,22909,SET OF 20 VINTAGE CHRISTMAS NAPKINS,192,2011-08-04 14:46:00,0.72,14911,Ireland
C562375,22086,PAPER CHAIN KIT 50'S CHRISTMAS ,120,2011-08-04 14:46:00,2.55,14911,Ireland
C562811,23109,PACK OF SIX LED TEA LIGHTS,96,2011-08-09 15:30:00,2.49,13217,United Kingdom
C563577,21877,HOME SWEET HOME MUG,828,2011-08-17 15:06:00,1.06,17949,United Kingdom
C563577,21871,SAVE THE PLANET MUG,576,2011-08-17 15:06:00,1.06,17949,United Kingdom
C563577,21069,VINTAGE BILLBOARD TEA MUG,701,2011-08-17 15:06:00,1.06,17949,United Kingdom
C564081,22423,REGENCY CAKESTAND 3 TIER,150,2011-08-22 17:10:00,10.95,17949,United Kingdom
C564899,22956,36 FOIL HEART CAKE CASES,144,2011-08-31 11:31:00,1.85,14646,Netherlands
C564899,21787,RAIN PONCHO RETROSPOT,144,2011-08-31 11:31:00,0.65,14646,Netherlands
C564940,22564,ALPHABET STENCIL CRAFT,432,2011-08-31 13:10:00,1.06,12931,United Kingdom
C564940,23207,LUNCH BAG ALPHABET DESIGN,250,2011-08-31 13:10:00,1.45,12931,United Kingdom
C564940,23203,JUMBO BAG VINTAGE DOILY ,200,2011-08-31 13:10:00,1.79,12931,United Kingdom
C564940,23201,JUMBO BAG ALPHABET,140,2011-08-31 13:10:00,1.79,12931,United Kingdom
C564940,22992,REVOLVER WOODEN RULER ,400,2011-08-31 13:10:00,1.65,12931,United Kingdom
C564940,22991,GIRAFFE WOODEN RULER,400,2011-08-31 13:10:00,1.65,12931,United Kingdom
C564940,22561,WOODEN SCHOOL COLOURING SET,252,2011-08-31 13:10:00,1.45,12931,United Kingdom
C564940,22493,PAINT YOUR OWN CANVAS SET,110,2011-08-31 13:10:00,1.45,12931,United Kingdom
C564940,20974,12 PENCILS SMALL TUBE SKULL,334,2011-08-31 13:10:00,0.65,12931,United Kingdom
C565026,85023B,EAU DE NILE JEWELLED PHOTOFRAME,72,2011-08-31 16:34:00,2.1,13694,United Kingdom
C565044,23215,JINGLE BELL HEART ANTIQUE SILVER,120,2011-08-31 17:02:00,1.79,12931,United Kingdom
C565044,22493,PAINT YOUR OWN CANVAS SET,160,2011-08-31 17:02:00,1.45,12931,United Kingdom
C565044,22191,IVORY DINER WALL CLOCK,318,2011-08-31 17:02:00,7.65,12931,United Kingdom
C565044,21731,RED TOADSTOOL LED NIGHT LIGHT,126,2011-08-31 17:02:00,1.45,12931,United Kingdom
C565044,21479,WHITE SKULL HOT WATER BOTTLE ,144,2011-08-31 17:02:00,3.39,12931,United Kingdom
C565044,20829,GLITTER HANGING BUTTERFLY STRING,113,2011-08-31 17:02:00,1.69,12931,United Kingdom
C565044,11001,ASSTD DESIGN RACING CAR PEN,180,2011-08-31 17:02:00,1.27,12931,United Kingdom
C565582,20725,LUNCH BAG RED RETROSPOT,100,2011-09-05 12:38:00,1.45,14156,Ireland
C567527,23113,PANTRY CHOPPING BOARD,756,2011-09-21 09:16:00,5.06,17450,United Kingdom
C567685,23004,TRAVEL CARD WALLET PANTRY,152,2011-09-21 16:35:00,0.42,16394,United Kingdom
C567691,21671,RED SPOT CERAMIC DRAWER KNOB,85,2011-09-21 17:04:00,1.45,17567,United Kingdom
C567706,22835,HOT WATER BOTTLE I AM SO POORLY,312,2011-09-22 09:46:00,4.25,15769,United Kingdom
C567708,22961,JAM MAKING SET PRINTED,79,2011-09-22 09:53:00,1.25,15201,United Kingdom
C567953,22178,VICTORIAN GLASS HANGING T-LIGHT,144,2011-09-23 08:28:00,1.65,18198,United Kingdom
C568096,18097C,WHITE TALL PORCELAIN T-LIGHT HOLDER,288,2011-09-23 14:50:00,1.95,17867,United Kingdom
C568416,15034,PAPER POCKET TRAVELING FAN ,144,2011-09-27 11:08:00,0.14,14866,United Kingdom
C568419,51014C,"FEATHER PEN,COAL BLACK",96,2011-09-27 11:16:00,0.39,13694,United Kingdom
C568832,23113,PANTRY CHOPPING BOARD,186,2011-09-29 11:35:00,5.15,17450,United Kingdom
C568879,23208,LUNCH BAG VINTAGE LEAF DESIGN,53,2011-09-29 12:38:00,1.45,14680,United Kingdom
C568879,23207,LUNCH BAG ALPHABET DESIGN,82,2011-09-29 12:38:00,1.45,14680,United Kingdom
C568879,84992,72 SWEETHEART FAIRY CAKE CASES,72,2011-09-29 12:38:00,0.42,14680,United Kingdom
C568879,21212,PACK OF 72 RETROSPOT CAKE CASES,72,2011-09-29 12:38:00,0.42,14680,United Kingdom
C568879,23205,CHARLOTTE BAG VINTAGE ALPHABET ,70,2011-09-29 12:38:00,0.72,14680,United Kingdom
C568879,23256,CHILDRENS CUTLERY SPACEBOY ,68,2011-09-29 12:38:00,3.75,14680,United Kingdom
C568884,85099B,JUMBO BAG RED RETROSPOT,100,2011-09-29 12:49:00,1.79,14680,United Kingdom
C569387,23284,DOORMAT KEEP CALM AND COME IN,200,2011-10-03 16:49:00,7.08,14031,United Kingdom
C569552,15034,PAPER POCKET TRAVELING FAN ,1200,2011-10-04 17:44:00,0.07,14533,United Kingdom
C569743,23199,JUMBO BAG APPLES,120,2011-10-06 10:57:00,1.79,15769,United Kingdom
C569743,23200,JUMBO BAG PEARS,120,2011-10-06 10:57:00,1.79,15769,United Kingdom
C569743,22389,PAPERWEIGHT SAVE THE PLANET,100,2011-10-06 10:57:00,2.1,15769,United Kingdom
C569743,85099B,JUMBO BAG RED RETROSPOT,140,2011-10-06 10:57:00,1.79,15769,United Kingdom
C569743,85099F,JUMBO BAG STRAWBERRY,120,2011-10-06 10:57:00,1.79,15769,United Kingdom
C569743,23202,JUMBO BAG VINTAGE LEAF,110,2011-10-06 10:57:00,1.79,15769,United Kingdom
C569743,85099C,JUMBO  BAG BAROQUE BLACK WHITE,130,2011-10-06 10:57:00,1.79,15769,United Kingdom
C569743,21928,JUMBO BAG SCANDINAVIAN BLUE PAISLEY,100,2011-10-06 10:57:00,1.79,15769,United Kingdom
C569743,23201,JUMBO BAG ALPHABET,110,2011-10-06 10:57:00,1.79,15769,United Kingdom
C569743,21929,JUMBO BAG PINK VINTAGE PAISLEY,100,2011-10-06 10:57:00,1.79,15769,United Kingdom
C569743,22411,JUMBO SHOPPER VINTAGE RED PAISLEY,130,2011-10-06 10:57:00,1.79,15769,United Kingdom
C569743,23203,JUMBO BAG VINTAGE DOILY ,220,2011-10-06 10:57:00,1.79,15769,United Kingdom
C569987,22027,TEA PARTY BIRTHDAY CARD,144,2011-10-06 19:54:00,0.36,18194,United Kingdom
C569989,85099B,JUMBO BAG RED RETROSPOT,58,2011-10-06 20:08:00,1.79,16839,United Kingdom
C569989,22384,LUNCH BAG PINK POLKADOT,70,2011-10-06 20:08:00,1.45,16839,United Kingdom
C570552,85099F,JUMBO BAG STRAWBERRY,100,2011-10-11 11:01:00,1.74,16029,United Kingdom
C570552,85099B,JUMBO BAG RED RETROSPOT,300,2011-10-11 11:01:00,1.74,16029,United Kingdom
C570552,22961,JAM MAKING SET PRINTED,192,2011-10-11 11:01:00,1.25,16029,United Kingdom
C570552,22386,JUMBO BAG PINK POLKADOT,200,2011-10-11 11:01:00,1.74,16029,United Kingdom
C570552,22207,FRYING PAN UNION FLAG,72,2011-10-11 11:01:00,3.75,16029,United Kingdom
C570552,21931,JUMBO STORAGE BAG SUKI,100,2011-10-11 11:01:00,1.74,16029,United Kingdom
C570552,20712,JUMBO BAG WOODLAND ANIMALS,200,2011-10-11 11:01:00,1.74,16029,United Kingdom
C570556,22570,FELTCRAFT CUSHION RABBIT,240,2011-10-11 11:10:00,3.39,16029,United Kingdom
C570556,22569,FELTCRAFT CUSHION BUTTERFLY,192,2011-10-11 11:10:00,3.39,16029,United Kingdom
C570556,22568,FELTCRAFT CUSHION OWL,144,2011-10-11 11:10:00,3.39,16029,United Kingdom
C570556,22273,FELTCRAFT DOLL MOLLY,720,2011-10-11 11:10:00,2.3,16029,United Kingdom
C570556,22149,FELTCRAFT 6 FLOWER FRIENDS,600,2011-10-11 11:10:00,1.85,16029,United Kingdom
C570556,22147,FELTCRAFT BUTTERFLY HEARTS,840,2011-10-11 11:10:00,1.25,16029,United Kingdom
C570556,20971,PINK BLUE FELT CRAFT TRINKET BOX,1296,2011-10-11 11:10:00,1.06,16029,United Kingdom
C570556,20969,RED FLORAL FELTCRAFT SHOULDER BAG,144,2011-10-11 11:10:00,3.39,16029,United Kingdom
C570647,23343,JUMBO BAG VINTAGE CHRISTMAS ,100,2011-10-11 13:09:00,1.79,15125,United Kingdom
C571262,21787,RAIN PONCHO RETROSPOT,360,2011-10-16 10:52:00,0.85,12901,United Kingdom
C571499,82494L,WOODEN FRAME ANTIQUE WHITE ,72,2011-10-17 15:07:00,2.55,12454,Spain
C571499,82482,WOODEN PICTURE FRAME WHITE FINISH,72,2011-10-17 15:07:00,2.55,12454,Spain
C571499,72802C,VANILLA SCENT CANDLE JEWELLED BOX,288,2011-10-17 15:07:00,1.25,12454,Spain
C571499,72802B,OCEAN SCENT CANDLE IN JEWELLED BOX,200,2011-10-17 15:07:00,1.25,12454,Spain
C571695,21703,BAG 125g SWIRLY MARBLES,60,2011-10-18 14:46:00,0.42,14776,United Kingdom
C572334,85099B,JUMBO BAG RED RETROSPOT,100,2011-10-24 10:25:00,1.79,14607,United Kingdom
C572334,23205,CHARLOTTE BAG VINTAGE ALPHABET ,100,2011-10-24 10:25:00,0.72,14607,United Kingdom
C572334,23201,JUMBO BAG ALPHABET,100,2011-10-24 10:25:00,1.79,14607,United Kingdom
C572334,22386,JUMBO BAG PINK POLKADOT,100,2011-10-24 10:25:00,1.79,14607,United Kingdom
C572334,22086,PAPER CHAIN KIT 50'S CHRISTMAS ,120,2011-10-24 10:25:00,2.55,14607,United Kingdom
C572334,23351,ROLL WRAP 50'S CHRISTMAS,72,2011-10-24 10:25:00,1.04,14607,United Kingdom
C572334,23204,CHARLOTTE BAG APPLES DESIGN,100,2011-10-24 10:25:00,0.72,14607,United Kingdom
C572334,22356,CHARLOTTE BAG PINK POLKADOT,100,2011-10-24 10:25:00,0.72,14607,United Kingdom
C572334,23344,JUMBO BAG 50'S CHRISTMAS ,100,2011-10-24 10:25:00,1.79,14607,United Kingdom
C572334,23199,JUMBO BAG APPLES,100,2011-10-24 10:25:00,1.79,14607,United Kingdom
C572334,22355,CHARLOTTE BAG SUKI DESIGN,100,2011-10-24 10:25:00,0.72,14607,United Kingdom
C572334,21931,JUMBO STORAGE BAG SUKI,100,2011-10-24 10:25:00,1.79,14607,United Kingdom
C572334,20724,RED RETROSPOT CHARLOTTE BAG,100,2011-10-24 10:25:00,0.72,14607,United Kingdom
C572343,23057,BEADED CHANDELIER T-LIGHT HOLDER,96,2011-10-24 10:40:00,1.5,14607,United Kingdom
C572343,23056,FLOWERS CHANDELIER T-LIGHT HOLDER,240,2011-10-24 10:40:00,5.39,14607,United Kingdom
C572343,23055,IVORY CHANDELIER T-LIGHT HOLDER,96,2011-10-24 10:40:00,1.5,14607,United Kingdom
C572343,22106,MIRROR MOSAIC HURRICANE LAMP ,120,2011-10-24 10:40:00,1.25,14607,United Kingdom
C572343,22105,MIRROR MOSAIC GOBLET CANDLE HOLDER,240,2011-10-24 10:40:00,0.95,14607,United Kingdom
C572343,22103,MIRROR MOSAIC T-LIGHT HOLDER ROUND,468,2011-10-24 10:40:00,0.39,14607,United Kingdom
C572343,22102,MIRROR MOSAIC T-LIGHT HOLDER ,720,2011-10-24 10:40:00,0.39,14607,United Kingdom
C572343,22101,MIRROR MOSAIC VOTIVE HOLDER,324,2011-10-24 10:40:00,0.39,14607,United Kingdom
C572410,22699,ROSES REGENCY TEACUP AND SAUCER ,168,2011-10-24 11:58:00,2.55,16742,United Kingdom
C573092,22356,CHARLOTTE BAG PINK POLKADOT,76,2011-10-27 14:38:00,0.72,13791,United Kingdom
C573092,23207,LUNCH BAG ALPHABET DESIGN,66,2011-10-27 14:38:00,1.45,13791,United Kingdom
C573092,20728,LUNCH BAG CARS BLUE,112,2011-10-27 14:38:00,1.45,13791,United Kingdom
C574019,22738,RIBBON REEL SNOWY VILLAGE,120,2011-11-02 12:05:00,1.45,12415,Australia
C574584,85036C,ROSE 1 WICK MORRIS BOXED CANDLE,180,2011-11-04 18:11:00,1.0,15482,United Kingdom
C574584,82482,WOODEN PICTURE FRAME WHITE FINISH,72,2011-11-04 18:11:00,2.55,15482,United Kingdom
C574584,72802C,VANILLA SCENT CANDLE JEWELLED BOX,180,2011-11-04 18:11:00,1.0,15482,United Kingdom
C574584,72802B,OCEAN SCENT CANDLE IN JEWELLED BOX,162,2011-11-04 18:11:00,1.0,15482,United Kingdom
C574584,22173,METAL 4 HOOK HANGER FRENCH CHATEAU,64,2011-11-04 18:11:00,2.75,15482,United Kingdom
C574748,20725,LUNCH BAG RED RETROSPOT,100,2011-11-07 08:41:00,1.45,17107,United Kingdom
C574748,22383,LUNCH BAG SUKI DESIGN ,100,2011-11-07 08:41:00,1.45,17107,United Kingdom
C574748,22382,LUNCH BAG SPACEBOY DESIGN ,100,2011-11-07 08:41:00,1.45,17107,United Kingdom
C574922,22635,CHILDS BREAKFAST SET DOLLY GIRL ,67,2011-11-07 16:39:00,8.5,15502,United Kingdom
C574922,22197,POPCORN HOLDER,64,2011-11-07 16:39:00,0.85,15502,United Kingdom
C575224,85099C,JUMBO  BAG BAROQUE BLACK WHITE,100,2011-11-09 11:41:00,1.79,17511,United Kingdom
C575224,85099B,JUMBO BAG RED RETROSPOT,100,2011-11-09 11:41:00,1.79,17511,United Kingdom
C575224,23582,VINTAGE DOILY JUMBO BAG RED ,100,2011-11-09 11:41:00,1.79,17511,United Kingdom
C575224,23581,JUMBO BAG PAISLEY PARK,100,2011-11-09 11:41:00,1.79,17511,United Kingdom
C575224,23344,JUMBO BAG 50'S CHRISTMAS ,100,2011-11-09 11:41:00,1.79,17511,United Kingdom
C575224,23343,JUMBO BAG VINTAGE CHRISTMAS ,100,2011-11-09 11:41:00,1.79,17511,United Kingdom
C575224,23203,JUMBO BAG VINTAGE DOILY ,100,2011-11-09 11:41:00,1.79,17511,United Kingdom
C575224,23202,JUMBO BAG VINTAGE LEAF,100,2011-11-09 11:41:00,1.79,17511,United Kingdom
C575224,23199,JUMBO BAG APPLES,100,2011-11-09 11:41:00,1.79,17511,United Kingdom
C575224,22411,JUMBO SHOPPER VINTAGE RED PAISLEY,100,2011-11-09 11:41:00,1.79,17511,United Kingdom
C575224,22386,JUMBO BAG PINK POLKADOT,100,2011-11-09 11:41:00,1.79,17511,United Kingdom
C575224,22385,JUMBO BAG SPACEBOY DESIGN,100,2011-11-09 11:41:00,1.79,17511,United Kingdom
C575224,21931,JUMBO STORAGE BAG SUKI,100,2011-11-09 11:41:00,1.79,17511,United Kingdom
C575224,21928,JUMBO BAG SCANDINAVIAN BLUE PAISLEY,100,2011-11-09 11:41:00,1.79,17511,United Kingdom
C575341,22992,REVOLVER WOODEN RULER ,276,2011-11-09 14:36:00,1.65,12931,United Kingdom
C575341,22991,GIRAFFE WOODEN RULER,288,2011-11-09 14:36:00,1.65,12931,United Kingdom
C575921,20974,12 PENCILS SMALL TUBE SKULL,184,2011-11-11 17:01:00,0.65,12931,United Kingdom
C575940,22571,ROCKING HORSE RED CHRISTMAS ,96,2011-11-13 11:38:00,0.72,17838,United Kingdom
C576831,23057,BEADED CHANDELIER T-LIGHT HOLDER,144,2011-11-16 14:56:00,1.0,12748,United Kingdom
C576831,23056,FLOWERS CHANDELIER T-LIGHT HOLDER,144,2011-11-16 14:56:00,1.0,12748,United Kingdom
C576831,23055,IVORY CHANDELIER T-LIGHT HOLDER,144,2011-11-16 14:56:00,1.0,12748,United Kingdom
C576831,22071,SMALL WHITE RETROSPOT MUG IN BOX ,244,2011-11-16 14:56:00,0.5,12748,United Kingdom
C576831,22070,SMALL RED RETROSPOT MUG IN BOX ,234,2011-11-16 14:56:00,0.5,12748,United Kingdom
C576831,21843,RED RETROSPOT CAKE STAND,132,2011-11-16 14:56:00,4.0,12748,United Kingdom
C577040,84946,ANTIQUE SILVER T-LIGHT GLASS,144,2011-11-17 13:31:00,1.06,15864,United Kingdom
C577614,21499,BLUE POLKADOT WRAP,200,2011-11-21 10:18:00,0.36,17888,United Kingdom
C577779,23057,BEADED CHANDELIER T-LIGHT HOLDER,96,2011-11-21 16:11:00,1.0,Unknown,United Kingdom
C577779,23056,FLOWERS CHANDELIER T-LIGHT HOLDER,96,2011-11-21 16:11:00,1.0,Unknown,United Kingdom
C577779,23055,IVORY CHANDELIER T-LIGHT HOLDER,96,2011-11-21 16:11:00,1.0,Unknown,United Kingdom
C578259,72807C,SET/3 VANILLA SCENTED CANDLE IN BOX,120,2011-11-23 13:02:00,3.81,16660,United Kingdom
C578363,22804,PINK HANGING HEART T-LIGHT HOLDER,160,2011-11-24 10:40:00,2.55,15482,United Kingdom
C578363,22197,POPCORN HOLDER,200,2011-11-24 10:40:00,0.72,15482,United Kingdom
C578363,21843,RED RETROSPOT CAKE STAND,72,2011-11-24 10:40:00,9.95,15482,United Kingdom
C578363,21135,VICTORIAN  METAL POSTCARD SPRING,288,2011-11-24 10:40:00,0.4,15482,United Kingdom
C578368,22866,HAND WARMER SCOTTY DOG DESIGN,96,2011-11-24 11:05:00,1.85,16191,United Kingdom
C578377,22922,FRIDGE MAGNETS US DINER ASSORTED,120,2011-11-24 11:44:00,0.72,14277,France
C578377,22923,FRIDGE MAGNETS LES ENFANTS ASSORTED,120,2011-11-24 11:44:00,0.72,14277,France
C578377,22924,FRIDGE MAGNETS LA VIE EN ROSE,120,2011-11-24 11:44:00,0.72,14277,France
C579090,84598,BOYS ALPHABET IRON ON PATCHES,288,2011-11-28 10:48:00,0.21,12427,Germany
C579092,16054,POPART RECT PENCIL SHARPENER ASST,108,2011-11-28 10:50:00,0.12,16900,United Kingdom
C579192,22959,WRAP CHRISTMAS VILLAGE,250,2011-11-28 15:43:00,0.42,12657,France
C579192,22818,CARD CHRISTMAS VILLAGE,72,2011-11-28 15:43:00,0.42,12657,France
C580913,22536,MAGIC DRAWING SLATE PURDEY,120,2011-12-06 13:41:00,0.36,17857,United Kingdom
C580971,22313,OFFICE MUG WARMER PINK,250,2011-12-06 15:04:00,2.55,14298,United Kingdom
C581330,16169E,WRAP 50'S  CHRISTMAS,100,2011-12-08 11:57:00,0.42,15877,United Kingdom
C581462,21642,ASSORTED TUTTI FRUTTI PEN,72,2011-12-08 18:51:00,0.29,12985,United Kingdom
C581484,23843,"PAPER CRAFT , LITTLE BIRDIE",80995,2011-12-09 09:27:00,2.08,16446,United Kingdom
